id,title,level,family,classification,difference_observed,evidence_assessed,limitations
CMP-01,Industry-requested carrier and cargo amendments,cross_ICR,task_duration,CONSISTENT,Each uses 1 hour per request.,All three paragraphs explicitly isolate industry/carrier requests; cargo practice approvals may be narrower. Equality is supported for the published scalar.,No inference about actual respondent performance or agency intent.
CMP-02,Surface training amendments across modes and transfer,cross_ICR_and_lineage,task_duration,CONSISTENT,8 hours and 10% annual amendment share in all three modes and the receiving collection.,"2025 explicitly consolidates 1652-0066 into the receiving collection. This is continuity of assumptions, not four independent estimates.",No inference about actual respondent performance or agency intent.
CMP-03,Training record entry across surface modes,within_ICR,recordkeeping,CONSISTENT,"1 minute per record across freight rail, PTPR and OTRB.",Source paragraphs isolate recordkeeping; training itself is outside this task.,No inference about actual respondent performance or agency intent.
CMP-04,Airport and carrier-requested amendments,cross_ICR,task_duration,UNRESOLVED,Airport preparation 25 hours versus carrier request documentation 1 hour.,"Airport obligation includes development, submission and implementation; timed paragraph does not decompose preparation. Carrier paragraph isolates request documentation. Public text does not establish equal complexity or full task boundaries.",The 25:1 published ratio is not an estimated inefficiency or a retained inconsistency.
CMP-05,Coordinator contact updates across surface and pipeline collections,cross_ICR,task_duration,UNRESOLVED,Surface 5 minutes for a new coordinator or alternate; pipeline 30 minutes for coordinator and/or alternate update.,"Both cover updates, but pipeline cardinality and task detail are not decomposed; one operator event may encompass more work than one person contact.",Do not call the 6:1 ratio inconsistent; event cardinality and scope remain unresolved.
CMP-06,Pipeline compensation loading with aligned source vintage,cross_ICR,benefit_loading,CONSISTENT,1.467370066 versus 1.467370.,Difference is displayed precision at six decimals; source period and occupational universe align.,No inference about actual respondent performance or agency intent.
CMP-07,Loading variation by employee universe and source vintage,cross_ICR,benefit_loading,DIFFERENT_EXPLAINED,"1.454667 full-time private industry, June 2024; 1.4582 transportation/material-moving source, March 2023.",Different cited populations and periods explain why the ratios differ. This does not establish that each proxy is optimal; domestic paragraph also has a month-label ambiguity.,Explanation of numeric variation is not an endorsement of proxy selection; March/June wording ambiguity retained.
CMP-08,Medical applicant wage and waiting-time conventions,cross_ICR,occupational_assignment,CONSISTENT,"Both use $32.66 mean wage, 1.4582 loading and 11-minute waiting assumption.",Published applicant components align; FAMS provider compensation and incumbent travel have different actor boundaries.,No inference about actual respondent performance or agency intent.
CMP-09,Medical applicant travel assumptions,cross_ICR,task_duration,UNRESOLVED,FAMS uses 20 minutes each way; TSO uses 34 each way.,"Different studies visibly explain source selection. Primary Altarum brief describes diary-day travel rather than explicitly one-way travel; TSO doubling needs clarification. FAMS source surveys adults aged 50+, not a measured applicant sample.",Source-selection difference is observable; neither a corrected TSO total nor applicant-specific travel accuracy is established. See external-source-review.json.
CMP-10,Online credential renewal times,cross_ICR,renewal,UNRESOLVED,TWIC and HME use 10 minutes; PreCheck uses 1.8 minutes and a separate conditional biometrics activity.,TWIC reports pilot completion faster than its retained conservative estimate. PreCheck separately models conditional biometric submission; common credential labels do not prove equal form content.,Do not treat conditional biometrics as duplicate renewals or equate published time to measured time for all programs.
CMP-11,Federal and contractor comment processing,within_ICR,federal_review_time,DIFFERENT_EXPLAINED,0.5 minute Federal threat triage versus 5 minutes contractor read/respond.,Source separates security triage from reading and selecting a response template. Different task boundaries explain the values.,No inference about actual respondent performance or agency intent.
CMP-12,FFDO interview burden removed,lineage,item15_baseline,DIFFERENT_EXPLAINED,10-minute verbal interview removed.,"Source explicitly moves certification questions online and removes duplicative interview questions. This explains the task deletion, not a fully reconciled numerical Item 15 bridge.",No inference about actual respondent performance or agency intent.
CMP-13,LEO checkpoint login duration change,lineage,task_duration,DIFFERENT_EXPLAINED,Prior 1 minute becomes 4 minutes.,Recent Item 15 cites user-experience feedback as basis. Published explanation supports changed estimate; underlying timing sample is not public.,No inference about actual respondent performance or agency intent.
CMP-14,Federal amendment-review bundles,cross_ICR,federal_review_time,UNRESOLVED,IAC 120 hours versus FAC 4 hours field review plus 6.75 hours headquarters review.,IAC converts fifteen days into 120 hours without decomposition and pools TSA-issued and industry-requested amendments. FAC separately describes research/drafting and headquarters review. Identical case complexity and staffing are not established.,No inference that a fifteen-day period is necessarily elapsed time or that the pooled IAC mean equals the industry-only mean.
CMP-15,Medical examination payer change,lineage,purchased_services,DIFFERENT_EXPLAINED,"Contractor Federal cost removed and candidate $150 per exam added for 18,000 exams.",Statement explicitly assigns local examination cost to candidates. Payer change explains category movement; no claim of net savings.,No inference about actual respondent performance or agency intent.
CMP-16,Federal cybersecurity plan review staffing,cross_ICR_and_lineage,manager_review,CONSISTENT,8 manager hours and24analyst hours repeated across pipeline and surface plan-review packages.,Per-plan roles and durations align. Serial revisions are not independent replications; later annual wording and wage changes require separate checks.,No inference about actual respondent performance or agency intent.
CMP-17,Manager title alone does not define comparable review,cross_ICR,manager_review,NOT_COMPARABLE,Crew registration5minutes versus cyber implementation plan manager review8hours.,Registration/waiver processing and substantive cyber implementation review are distinct deliverables with no matched scope. Reject candidate.,No inference about actual respondent performance or agency intent.
CMP-18,Credential fees and Federal resource-cost boundary,cross_ICR,fee_treatment,CONSISTENT,Both describe fee financing; TWIC additionally distinguishes excess revenue as transfer.,Shared financing approach is visible. TWIC makes resource/transfer distinction explicit; HME paragraph alone does not quantify net resource cost.,Consistency is limited to financing convention; no complete net social cost or fee adequacy comparison.
CMP-19,Maryland Three familiarization across renewal,cross_ICR_or_lineage,familiarization,CONSISTENT,0.5 hour in each version.,Separate row in both tables retains the same step and duration; wage changes do not change this time coefficient.,Only listed versions/components. Equality does not establish empirical accuracy; serial versions are not independent replications.
CMP-20,Proposed COIP legal review across submissions,cross_ICR_or_lineage,legal_review,CONSISTENT,4 hours per legal review in each.,"Identical Federal legal-review component; 50% eligibility is a separate coefficient. These are proposed versions, not evidence of implemented workload.",Only listed versions/components. Equality does not establish empirical accuracy; serial versions are not independent replications.
CMP-21,Coordinator turnover models have different denominators,cross_ICR_or_lineage,turnover,UNRESOLVED,4% annual substitution versus one operator update/year.,No aligned pipeline person-stock denominator or shared empirical calibration is established. Do not form a numeric ratio; retain method-selection question.,Only listed versions/components. Equality does not establish empirical accuracy; serial versions are not independent replications.
CMP-22,mDL initial and insufficient-application resubmission,cross_ICR_or_lineage,application,DIFFERENT_EXPLAINED,20 hours initial and 5 hours resubmission.,Source defines resubmission as incremental 25% of initial effort; not a mutually exclusive initial path.,Only listed versions/components. Equality does not establish empirical accuracy; serial versions are not independent replications.
CMP-23,Annual recordkeeping is not per-record entry,cross_ICR_or_lineage,recordkeeping,NOT_COMPARABLE,104 hours per school/year versus 1 minute per training record.,No common per-record denominator for the annual school bundle. Reject numerical comparison.,Only listed versions/components. Equality does not establish empirical accuracy; serial versions are not independent replications.
CMP-24,TRIP form time revised using user experience,cross_ICR_or_lineage,appeal,DIFFERENT_EXPLAINED,60 minutes becomes 30 minutes.,"Current Item15 attributes the reduction to user experience. Underlying timing sample remains unavailable; this supports explanation, not measured universal completion time.",Only listed versions/components. Equality does not establish empirical accuracy; serial versions are not independent replications.
CMP-25,SSI bidder CHRC pathway includes additional activities,cross_ICR_or_lineage,threat_assessment,DIFFERENT_EXPLAINED,15 minutes without CHRC versus 116 minutes with CHRC.,With-CHRC pathway includes fingerprinting and travel/wait omitted from the no-CHRC pathway. Scope explains the different total durations.,Only listed versions/components. Equality does not establish empirical accuracy; serial versions are not independent replications.
CMP-26,LEOSA rejection review request across renewals,cross_ICR_or_lineage,appeal,CONSISTENT,8 hours in each version.,Source-defined review-request component persists across versions.,Only listed versions/components. Equality does not establish empirical accuracy; serial versions are not independent replications.
CMP-27,Pipeline physical incident reporting across renewals,cross_ICR_or_lineage,notification,CONSISTENT,30-minute maximum in each.,Same task boundary and maximum statistic recur. This is not a finding that actual mean time is 30 minutes.,Only listed versions/components. Equality does not establish empirical accuracy; serial versions are not independent replications.
CMP-28,Federal processing versus eligibility verification,cross_ICR_or_lineage,federal_review_time,NOT_COMPARABLE,3-minute FFDO electronic processing versus 45-minute LEO eligibility determination.,Eligibility determination explicitly verifies application information; matching the substantive verification scope to FFDO processing is unsupported. Reject label-only ratio.,Only listed versions/components. Equality does not establish empirical accuracy; serial versions are not independent replications.
CMP-29,DASSP operator application continuity,lineage,application,CONSISTENT,No change in the named duration component.,Same aircraft-operator application across renewal; the70-minute ASO nomination packet remains separate. Published durations match. Consistency is limited to the retained one-hour initial operator application coefficient; field scope is not proven identical.,No whole-ICR consistency or efficiency claim.
CMP-30,Claim filing continuity,lineage,application,CONSISTENT,No change in the named duration component.,Same claimant filing activity across renewal; conditional payment information and rare Form600 remain separate. Published durations match.,No whole-ICR consistency or efficiency claim.
CMP-31,Secure Flight identity-data transmission across carrier classes,cross_ICR_and_lineage,task_duration,CONSISTENT,No change in the named duration component.,Same130-second identity-data transmission; carrier event frequency differs. Resolution calls and direct visitor applications are excluded. Published durations match.,No whole-ICR consistency or efficiency claim.
CMP-32,Canine adoption application continuity,lineage,application,CONSISTENT,No change in the named duration component.,Same voluntary adopter application across renewal; unrelated10-minute applications are not included. Published durations match.,No whole-ICR consistency or efficiency claim.
